air,water
0,0
1,0
2,0
3,0
4,0
4.929577355,0.037085993
5.845071819,0.094039769
6.943662313,0.145695391
8.126761604,0.186754977
9.295773868,0.213245023
10.69014038,0.235761523
